week,county,age_group,ili_visits,cli_visits,rsv_visits,total_visits,population,ili_rate,cli_rate,rsv_rate,ili_baseline_rate,ili_pct_change,ili_signal_flag,cli_baseline_rate,cli_pct_change,cli_signal_flag,rsv_baseline_rate,rsv_pct_change,rsv_signal_flag
2024-01-01,CountyA,0-17,2,0,2,5,50000,4.0,0.0,4.0,,,0,,,0,,,0
2024-01-01,CountyA,18-64,4,2,2,14,120000,3.333333333333333,1.6666666666666667,1.6666666666666667,,,0,,,0,,,0
2024-01-01,CountyA,65+,1,1,1,6,30000,3.333333333333333,3.333333333333333,3.333333333333333,,,0,,,0,,,0
2024-01-01,CountyB,0-17,2,1,1,6,40000,5.0,2.5,2.5,,,0,,,0,,,0
2024-01-01,CountyB,18-64,5,4,4,15,90000,5.555555555555556,4.444444444444445,4.444444444444445,,,0,,,0,,,0
2024-01-01,CountyB,65+,1,2,3,7,25000,4.0,8.0,12.0,,,0,,,0,,,0
2024-01-01,CountyC,0-17,1,2,0,4,30000,3.333333333333333,6.666666666666667,0.0,,,0,,,0,,,0
2024-01-01,CountyC,18-64,7,1,3,17,80000,8.75,1.25,3.75,,,0,,,0,,,0
2024-01-01,CountyC,65+,5,2,1,14,20000,25.0,10.0,5.0,,,0,,,0,,,0
2024-01-08,CountyB,18-64,6,1,5,22,90000,6.666666666666667,1.1111111111111112,5.555555555555556,,,0,,,0,,,0
2024-01-08,CountyC,65+,6,3,0,13,20000,30.0,14.999999999999998,0.0,,,0,,,0,,,0
2024-01-08,CountyB,65+,5,1,2,9,25000,20.0,4.0,8.0,,,0,,,0,,,0
2024-01-08,CountyA,18-64,5,5,2,16,120000,4.166666666666667,4.166666666666667,1.6666666666666667,,,0,,,0,,,0
2024-01-08,CountyC,18-64,11,2,4,27,80000,13.75,2.5,5.0,,,0,,,0,,,0
2024-01-08,CountyA,65+,4,0,4,11,30000,13.333333333333334,0.0,13.333333333333334,,,0,,,0,,,0
2024-01-08,CountyA,0-17,2,2,1,7,50000,4.0,4.0,2.0,,,0,,,0,,,0
2024-01-08,CountyB,0-17,1,0,0,3,40000,2.5,0.0,0.0,,,0,,,0,,,0
2024-01-08,CountyC,0-17,5,1,0,6,30000,16.666666666666668,3.333333333333333,0.0,,,0,,,0,,,0
2024-01-15,CountyB,65+,2,2,0,7,25000,8.0,8.0,0.0,,,0,,,0,,,0
2024-01-15,CountyC,65+,4,0,2,12,20000,20.0,0.0,10.0,,,0,,,0,,,0
2024-01-15,CountyC,18-64,8,1,2,25,80000,10.0,1.25,2.5,,,0,,,0,,,0
2024-01-15,CountyC,0-17,2,1,2,7,30000,6.666666666666667,3.333333333333333,6.666666666666667,,,0,,,0,,,0
2024-01-15,CountyB,18-64,6,3,3,17,90000,6.666666666666667,3.333333333333333,3.333333333333333,,,0,,,0,,,0
2024-01-15,CountyA,18-64,6,3,4,20,120000,5.0,2.5,3.333333333333333,,,0,,,0,,,0
2024-01-15,CountyA,0-17,2,3,2,11,50000,4.0,6.0,4.0,,,0,,,0,,,0
2024-01-15,CountyB,0-17,2,0,0,5,40000,5.0,0.0,0.0,,,0,,,0,,,0
2024-01-15,CountyA,65+,3,0,1,10,30000,10.0,0.0,3.333333333333333,,,0,,,0,,,0
2024-01-22,CountyC,18-64,6,2,4,17,80000,7.499999999999999,2.5,5.0,,,0,,,0,,,0
2024-01-22,CountyC,0-17,0,0,1,7,30000,0.0,0.0,3.333333333333333,,,0,,,0,,,0
2024-01-22,CountyA,18-64,4,6,3,16,120000,3.333333333333333,5.0,2.5,,,0,,,0,,,0
2024-01-22,CountyB,65+,4,3,2,11,25000,16.0,12.0,8.0,,,0,,,0,,,0
2024-01-22,CountyA,0-17,2,1,3,10,50000,4.0,2.0,6.0,,,0,,,0,,,0
2024-01-22,CountyB,0-17,2,0,0,5,40000,5.0,0.0,0.0,,,0,,,0,,,0
2024-01-22,CountyB,18-64,6,4,2,15,90000,6.666666666666667,4.444444444444445,2.2222222222222223,,,0,,,0,,,0
2024-01-22,CountyC,65+,3,1,1,7,20000,14.999999999999998,5.0,5.0,,,0,,,0,,,0
2024-01-22,CountyA,65+,3,2,3,9,30000,10.0,6.666666666666667,10.0,,,0,,,0,,,0
2024-01-29,CountyC,18-64,6,2,2,16,80000,7.499999999999999,2.5,2.5,10.0,-0.2500000000000001,0,1.875,0.3333333333333333,0,4.0625,-0.38461538461538464,0
2024-01-29,CountyC,0-17,3,0,0,6,30000,10.0,0.0,0.0,6.666666666666667,0.49999999999999994,0,3.333333333333333,-1.0,0,2.5,-1.0,0
2024-01-29,CountyB,65+,4,0,1,7,25000,16.0,0.0,4.0,12.0,0.3333333333333333,0,8.0,-1.0,0,7.0,-0.42857142857142855,0
2024-01-29,CountyB,0-17,3,2,1,7,40000,7.499999999999999,5.0,2.5,4.375,0.7142857142857141,1,0.625,7.0,1,0.625,3.0,1
2024-01-29,CountyB,18-64,7,4,0,15,90000,7.777777777777779,4.444444444444445,0.0,6.388888888888889,0.21739130434782614,0,3.3333333333333335,0.3333333333333333,0,3.8888888888888893,-1.0,0
2024-01-29,CountyA,65+,4,1,0,7,30000,13.333333333333334,3.333333333333333,0.0,9.166666666666666,0.4545454545454547,0,2.5,0.3333333333333332,0,7.5,-1.0,0
2024-01-29,CountyA,18-64,10,4,5,23,120000,8.333333333333334,3.333333333333333,4.166666666666667,3.958333333333333,1.1052631578947372,1,3.3333333333333335,-1.3322676295501878e-16,0,2.2916666666666665,0.8181818181818185,1
2024-01-29,CountyA,0-17,2,0,2,7,50000,4.0,0.0,4.0,4.0,0.0,0,3.0,-1.0,0,4.0,0.0,0
2024-01-29,CountyC,65+,1,2,4,8,20000,5.0,10.0,20.0,22.5,-0.7777777777777778,0,7.5,0.3333333333333333,0,5.0,3.0,1
2024-02-05,CountyB,65+,1,2,1,5,25000,4.0,8.0,4.0,15.0,-0.7333333333333333,0,6.0,0.3333333333333333,0,5.0,-0.2,0
2024-02-05,CountyC,65+,0,1,0,5,20000,0.0,5.0,0.0,17.5,-1.0,0,7.5,-0.3333333333333333,0,8.75,-1.0,0
2024-02-05,CountyC,18-64,5,5,4,17,80000,6.25,6.25,5.0,9.6875,-0.3548387096774194,0,2.1875,1.8571428571428572,1,3.75,0.3333333333333333,0
2024-02-05,CountyC,0-17,0,2,1,4,30000,0.0,6.666666666666667,3.333333333333333,8.333333333333334,-1.0,0,1.6666666666666665,3.0000000000000004,1,2.5,0.3333333333333332,0
2024-02-05,CountyB,18-64,4,2,5,21,90000,4.444444444444445,2.2222222222222223,5.555555555555556,6.944444444444445,-0.36,0,3.3333333333333335,-0.3333333333333333,0,2.7777777777777777,1.0000000000000002,1
2024-02-05,CountyA,18-64,9,1,3,18,120000,7.499999999999999,0.8333333333333334,2.5,5.208333333333334,0.43999999999999967,0,3.75,-0.7777777777777778,0,2.916666666666667,-0.14285714285714293,0
2024-02-05,CountyA,0-17,4,2,0,7,50000,8.0,4.0,0.0,4.0,1.0,1,3.0,0.3333333333333333,0,4.0,-1.0,0
2024-02-05,CountyB,0-17,5,3,2,15,40000,12.5,7.499999999999999,5.0,5.0,1.5,1,1.25,4.999999999999999,1,0.625,7.0,1
2024-02-05,CountyA,65+,2,1,1,7,30000,6.666666666666667,3.333333333333333,3.333333333333333,11.666666666666666,-0.4285714285714285,0,2.5,0.3333333333333332,0,6.666666666666667,-0.5000000000000001,0
2024-02-12,CountyC,18-64,3,2,0,10,80000,3.75,2.5,0.0,7.8125,-0.52,0,3.125,-0.2,0,3.75,-1.0,0
2024-02-12,CountyB,65+,2,0,1,4,25000,8.0,0.0,4.0,11.0,-0.2727272727272727,0,7.0,-1.0,0,4.0,0.0,0
2024-02-12,CountyC,65+,5,3,1,10,20000,25.0,14.999999999999998,5.0,10.0,1.5,1,5.0,1.9999999999999996,1,8.75,-0.42857142857142855,0
2024-02-12,CountyB,0-17,0,1,0,2,40000,0.0,2.5,0.0,7.5,-1.0,0,3.125,-0.2,0,1.875,-1.0,0
2024-02-12,CountyB,18-64,6,3,1,15,90000,6.666666666666667,3.333333333333333,1.1111111111111112,6.388888888888889,0.0434782608695652,0,3.6111111111111116,-0.07692307692307714,0,2.7777777777777777,-0.6,0
2024-02-12,CountyA,18-64,8,7,9,34,120000,6.666666666666667,5.833333333333333,7.499999999999999,6.041666666666667,0.10344827586206896,0,2.9166666666666665,1.0,1,3.125,1.3999999999999997,1
2024-02-12,CountyC,0-17,2,0,1,5,30000,6.666666666666667,0.0,3.333333333333333,4.166666666666667,0.6,1,2.5,-1.0,0,3.333333333333333,0.0,0
2024-02-12,CountyA,0-17,2,2,3,8,50000,4.0,4.0,6.0,5.0,-0.2,0,3.0,0.3333333333333333,0,3.5,0.7142857142857143,1
2024-02-12,CountyA,65+,0,0,2,7,30000,0.0,0.0,6.666666666666667,9.999999999999998,-1.0,0,3.333333333333333,-1.0,0,4.166666666666666,0.6000000000000003,1
2024-02-19,CountyC,18-64,9,3,5,21,80000,11.25,3.75,6.25,6.25,0.8,1,3.4375,0.09090909090909091,0,3.125,1.0,1
2024-02-19,CountyC,0-17,1,0,0,5,30000,3.333333333333333,0.0,0.0,4.166666666666667,-0.20000000000000012,0,1.6666666666666667,-1.0,0,2.5,-1.0,0
2024-02-19,CountyB,65+,3,1,1,7,25000,12.0,4.0,4.0,11.0,0.09090909090909091,0,5.0,-0.2,0,5.0,-0.2,0
2024-02-19,CountyB,0-17,0,0,3,5,40000,0.0,0.0,7.499999999999999,6.25,-1.0,0,3.75,-1.0,0,1.875,2.9999999999999996,1
2024-02-19,CountyB,18-64,7,1,0,16,90000,7.777777777777779,1.1111111111111112,0.0,6.388888888888889,0.21739130434782614,0,3.611111111111111,-0.6923076923076923,0,2.2222222222222223,-1.0,0
2024-02-19,CountyA,65+,2,3,0,7,30000,6.666666666666667,10.0,0.0,7.5,-0.11111111111111108,0,3.333333333333333,2.0000000000000004,1,5.0,-1.0,0
2024-02-19,CountyA,18-64,7,3,3,21,120000,5.833333333333333,2.5,2.5,6.458333333333334,-0.09677419354838722,0,3.75,-0.3333333333333333,0,4.166666666666666,-0.3999999999999999,0
2024-02-19,CountyA,0-17,3,2,1,9,50000,6.0,4.0,2.0,5.0,0.2,0,2.5,0.6,1,4.0,-0.5,0
2024-02-19,CountyC,65+,3,1,1,7,20000,14.999999999999998,5.0,5.0,11.25,0.33333333333333315,0,8.75,-0.42857142857142855,0,7.5,-0.3333333333333333,0
2024-02-26,CountyB,65+,2,2,1,7,25000,8.0,8.0,4.0,10.0,-0.2,0,3.0,1.6666666666666667,1,4.0,0.0,0
2024-02-26,CountyC,65+,3,1,1,8,20000,14.999999999999998,5.0,5.0,11.25,0.33333333333333315,0,8.75,-0.42857142857142855,0,7.5,-0.3333333333333333,0
2024-02-26,CountyC,18-64,8,5,1,19,80000,10.0,6.25,1.25,7.1875,0.391304347826087,0,3.75,0.6666666666666666,1,3.4375,-0.6363636363636364,0
2024-02-26,CountyC,0-17,1,2,0,5,30000,3.333333333333333,6.666666666666667,0.0,5.0,-0.33333333333333337,0,1.6666666666666667,3.0,1,1.6666666666666665,-1.0,0
2024-02-26,CountyB,18-64,7,2,2,18,90000,7.777777777777779,2.2222222222222223,2.2222222222222223,6.666666666666667,0.16666666666666674,0,2.7777777777777777,-0.19999999999999993,0,1.666666666666667,0.33333333333333315,0
2024-02-26,CountyA,18-64,3,1,0,8,120000,2.5,0.8333333333333334,0.0,7.083333333333334,-0.6470588235294118,0,3.125,-0.7333333333333333,0,4.166666666666666,-1.0,0
2024-02-26,CountyA,0-17,3,0,0,4,50000,6.0,0.0,0.0,5.5,0.09090909090909091,0,3.0,-1.0,0,3.0,-1.0,0
2024-02-26,CountyB,0-17,4,1,0,7,40000,10.0,2.5,0.0,5.0,1.0,1,3.75,-0.3333333333333333,0,3.75,-1.0,0
2024-02-26,CountyA,65+,6,1,2,11,30000,20.0,3.333333333333333,6.666666666666667,6.666666666666666,2.0000000000000004,1,4.166666666666666,-0.19999999999999996,0,2.5,1.6666666666666667,1
2024-03-04,CountyC,0-17,3,3,1,11,30000,10.0,10.0,3.333333333333333,3.333333333333333,2.0000000000000004,1,3.3333333333333335,1.9999999999999998,1,1.6666666666666665,1.0,1
2024-03-04,CountyB,18-64,6,2,0,13,90000,6.666666666666667,2.2222222222222223,0.0,6.666666666666667,0.0,0,2.2222222222222223,0.0,0,2.2222222222222223,-1.0,0
2024-03-04,CountyB,65+,0,2,1,8,25000,0.0,8.0,4.0,8.0,-1.0,0,5.0,0.6,1,4.0,0.0,0
2024-03-04,CountyA,18-64,5,2,3,13,120000,4.166666666666667,1.6666666666666667,2.5,5.625,-0.2592592592592592,0,2.5,-0.3333333333333333,0,3.125,-0.2,0
2024-03-04,CountyC,18-64,5,4,4,18,80000,6.25,5.0,5.0,7.8125,-0.2,0,4.6875,0.06666666666666667,0,3.125,0.6,1
2024-03-04,CountyA,0-17,0,0,1,5,50000,0.0,0.0,2.0,6.0,-1.0,0,3.0,-1.0,0,2.0,0.0,0
2024-03-04,CountyA,65+,7,3,1,12,30000,23.33333333333333,10.0,3.333333333333333,8.333333333333332,1.7999999999999998,1,4.166666666666666,1.4000000000000004,1,4.166666666666667,-0.20000000000000012,0
2024-03-04,CountyC,65+,0,3,0,4,20000,0.0,14.999999999999998,0.0,13.75,-1.0,0,7.5,0.9999999999999998,1,3.75,-1.0,0
2024-03-04,CountyB,0-17,2,1,1,9,40000,5.0,2.5,2.5,5.625,-0.1111111111111111,0,3.125,-0.2,0,3.125,-0.2,0
2024-03-11,CountyA,0-17,2,1,1,6,50000,4.0,2.0,2.0,4.0,0.0,0,2.0,0.0,0,2.5,-0.2,0
2024-03-11,CountyA,18-64,4,1,1,11,120000,3.333333333333333,0.8333333333333334,0.8333333333333334,4.791666666666666,-0.3043478260869565,0,2.708333333333333,-0.6923076923076922,0,3.125,-0.7333333333333333,0
2024-03-11,CountyA,65+,2,1,4,11,30000,6.666666666666667,3.333333333333333,13.333333333333334,12.499999999999996,-0.4666666666666665,0,5.833333333333332,-0.4285714285714285,0,4.166666666666667,2.2,1
2024-03-11,CountyB,0-17,2,0,3,9,40000,5.0,0.0,7.499999999999999,3.75,0.3333333333333333,0,1.875,-1.0,0,2.5,1.9999999999999996,1
2024-03-11,CountyC,18-64,4,8,4,19,80000,5.0,10.0,5.0,7.8125,-0.36,0,4.375,1.2857142857142858,1,3.125,0.6,1
2024-03-11,CountyC,65+,5,2,2,14,20000,25.0,10.0,10.0,13.75,0.8181818181818182,1,10.0,0.0,0,3.75,1.6666666666666667,1
2024-03-11,CountyB,18-64,4,5,3,15,90000,4.444444444444445,5.555555555555556,3.333333333333333,7.222222222222222,-0.3846153846153846,0,2.2222222222222223,1.5000000000000002,1,0.8333333333333334,2.9999999999999996,1
2024-03-11,CountyB,65+,3,1,1,9,25000,12.0,4.0,4.0,7.0,0.7142857142857143,1,5.0,-0.2,0,4.0,0.0,0
2024-03-11,CountyC,0-17,2,2,1,7,30000,6.666666666666667,6.666666666666667,3.333333333333333,5.833333333333333,0.14285714285714296,0,4.166666666666667,0.6,1,1.6666666666666665,1.0,1
2024-03-18,CountyC,0-17,4,2,1,11,30000,13.333333333333334,6.666666666666667,3.333333333333333,5.833333333333333,1.285714285714286,1,5.833333333333334,0.1428571428571428,0,1.6666666666666665,1.0,1
2024-03-18,CountyC,18-64,5,6,5,24,80000,6.25,7.499999999999999,6.25,8.125,-0.23076923076923078,0,6.25,0.19999999999999984,0,4.375,0.42857142857142855,0
2024-03-18,CountyC,65+,5,1,0,8,20000,25.0,5.0,0.0,13.75,0.8181818181818182,1,8.75,-0.42857142857142855,0,5.0,-1.0,0
2024-03-18,CountyB,65+,5,3,2,12,25000,20.0,12.0,8.0,8.0,1.5,1,6.0,1.0,1,4.0,1.0,1
2024-03-18,CountyB,18-64,3,7,2,20,90000,3.333333333333333,7.777777777777779,2.2222222222222223,6.666666666666668,-0.5000000000000001,0,2.7777777777777777,1.8000000000000005,1,1.3888888888888888,0.6000000000000001,1
2024-03-18,CountyA,0-17,1,2,2,6,50000,2.0,4.0,4.0,4.0,-0.5,0,1.5,1.6666666666666667,1,1.5,1.6666666666666667,1
2024-03-18,CountyA,65+,4,2,3,11,30000,13.333333333333334,6.666666666666667,10.0,14.166666666666664,-0.058823529411764504,0,6.666666666666666,1.332267629550188e-16,0,5.833333333333334,0.7142857142857141,1
2024-03-18,CountyB,0-17,1,1,0,5,40000,2.5,2.5,0.0,5.0,-0.5,0,1.25,1.0,1,4.375,-1.0,0
2024-03-18,CountyA,18-64,6,1,3,12,120000,5.0,0.8333333333333334,2.5,3.958333333333333,0.2631578947368422,0,1.4583333333333333,-0.4285714285714285,0,1.4583333333333335,0.7142857142857141,1
2024-03-25,CountyB,65+,3,0,0,4,25000,12.0,0.0,0.0,10.0,0.2,0,8.0,-1.0,0,5.0,-1.0,0
2024-03-25,CountyC,65+,1,0,0,8,20000,5.0,0.0,0.0,16.25,-0.6923076923076923,0,8.75,-1.0,0,3.75,-1.0,0
2024-03-25,CountyC,18-64,7,2,1,14,80000,8.75,2.5,1.25,6.875,0.2727272727272727,0,7.1875,-0.6521739130434783,0,4.375,-0.7142857142857143,0
2024-03-25,CountyC,0-17,1,1,0,2,30000,3.333333333333333,3.333333333333333,0.0,8.333333333333332,-0.6,0,7.5,-0.5555555555555556,0,2.5,-1.0,0
2024-03-25,CountyB,18-64,3,2,2,10,90000,3.333333333333333,2.2222222222222223,2.2222222222222223,5.555555555555556,-0.40000000000000013,0,4.444444444444445,-0.5,0,1.9444444444444444,0.14285714285714293,0
2024-03-25,CountyA,18-64,6,5,4,24,120000,5.0,4.166666666666667,3.333333333333333,3.75,0.3333333333333333,0,1.0416666666666667,3.0,1,1.4583333333333335,1.2857142857142854,1
2024-03-25,CountyA,0-17,3,2,2,9,50000,6.0,4.0,4.0,3.0,1.0,1,1.5,1.6666666666666667,1,2.0,1.0,1
2024-03-25,CountyB,0-17,3,2,4,10,40000,7.499999999999999,5.0,10.0,5.625,0.33333333333333315,0,1.875,1.6666666666666667,1,2.4999999999999996,3.0000000000000004,1
2024-03-25,CountyA,65+,0,1,0,3,30000,0.0,3.333333333333333,0.0,15.833333333333332,-1.0,0,5.833333333333332,-0.4285714285714285,0,8.333333333333334,-1.0,0
2024-04-01,CountyC,18-64,6,3,1,12,80000,7.499999999999999,3.75,1.25,6.5625,0.1428571428571427,0,6.25,-0.4,0,4.375,-0.7142857142857143,0
2024-04-01,CountyC,0-17,1,0,2,7,30000,3.333333333333333,0.0,6.666666666666667,8.333333333333334,-0.6000000000000001,0,6.666666666666667,-1.0,0,2.5,1.6666666666666667,1
2024-04-01,CountyA,18-64,6,4,2,17,120000,5.0,3.333333333333333,1.6666666666666667,4.375,0.14285714285714285,0,1.875,0.7777777777777776,1,2.291666666666667,-0.27272727272727276,0
2024-04-01,CountyB,65+,4,2,0,8,25000,16.0,8.0,0.0,11.0,0.45454545454545453,0,6.0,0.3333333333333333,0,4.0,-1.0,0
2024-04-01,CountyA,0-17,1,0,0,4,50000,2.0,0.0,0.0,3.0,-0.3333333333333333,0,2.5,-1.0,0,3.0,-1.0,0
2024-04-01,CountyB,0-17,1,0,0,2,40000,2.5,0.0,0.0,5.0,-0.5,0,2.5,-1.0,0,5.0,-1.0,0
2024-04-01,CountyB,18-64,8,3,1,16,90000,8.88888888888889,3.333333333333333,1.1111111111111112,4.444444444444445,1.0,1,4.444444444444445,-0.2500000000000001,0,1.9444444444444444,-0.42857142857142855,0
2024-04-01,CountyC,65+,0,2,0,5,20000,0.0,10.0,0.0,13.75,-1.0,0,7.499999999999999,0.3333333333333335,0,2.5,-1.0,0
2024-04-01,CountyA,65+,3,2,3,14,30000,10.0,6.666666666666667,10.0,10.833333333333332,-0.07692307692307682,0,5.833333333333333,0.14285714285714296,0,6.666666666666666,0.5000000000000001,1
2024-04-08,CountyC,18-64,9,1,4,17,80000,11.25,1.25,5.0,6.874999999999999,0.6363636363636366,1,5.9375,-0.7894736842105263,0,3.4375,0.45454545454545453,0
2024-04-08,CountyC,0-17,0,1,1,4,30000,0.0,3.333333333333333,3.333333333333333,6.666666666666666,-1.0,0,4.166666666666667,-0.20000000000000012,0,3.333333333333333,0.0,0
2024-04-08,CountyB,65+,3,1,0,5,25000,12.0,4.0,0.0,15.0,-0.2,0,6.0,-0.3333333333333333,0,3.0,-1.0,0
2024-04-08,CountyB,0-17,1,0,0,3,40000,2.5,0.0,0.0,4.375,-0.42857142857142855,0,1.875,-1.0,0,4.375,-1.0,0
2024-04-08,CountyB,18-64,5,6,1,15,90000,5.555555555555556,6.666666666666667,1.1111111111111112,5.0,0.11111111111111124,0,4.722222222222222,0.411764705882353,0,2.2222222222222223,-0.5,0
2024-04-08,CountyA,65+,4,1,0,8,30000,13.333333333333334,3.333333333333333,0.0,7.499999999999999,0.777777777777778,1,5.0,-0.33333333333333337,0,8.333333333333334,-1.0,0
2024-04-08,CountyA,18-64,4,3,2,11,120000,3.333333333333333,2.5,1.6666666666666667,4.583333333333333,-0.27272727272727276,0,2.291666666666667,0.09090909090909077,0,2.0833333333333335,-0.2,0
2024-04-08,CountyA,0-17,1,1,2,8,50000,2.0,2.0,4.0,3.5,-0.42857142857142855,0,2.5,-0.2,0,2.5,0.6,1
2024-04-08,CountyC,65+,2,2,0,6,20000,10.0,10.0,0.0,13.75,-0.2727272727272727,0,6.25,0.6,1,2.5,-1.0,0
2024-04-15,CountyB,65+,4,1,3,12,25000,16.0,4.0,12.0,15.0,0.06666666666666667,0,6.0,-0.3333333333333333,0,2.0,5.0,1
2024-04-15,CountyC,65+,2,2,1,9,20000,10.0,10.0,5.0,10.0,0.0,0,6.25,0.6,1,0.0,inf,0
2024-04-15,CountyC,18-64,6,1,2,18,80000,7.499999999999999,1.25,2.5,8.4375,-0.11111111111111122,0,3.75,-0.6666666666666666,0,3.4375,-0.2727272727272727,0
2024-04-15,CountyC,0-17,1,0,1,4,30000,3.333333333333333,0.0,3.333333333333333,5.0,-0.33333333333333337,0,3.333333333333333,-1.0,0,3.3333333333333335,-1.3322676295501878e-16,0
2024-04-15,CountyB,18-64,10,2,4,21,90000,11.111111111111112,2.2222222222222223,4.444444444444445,5.277777777777778,1.1052631578947372,1,5.0,-0.5555555555555556,0,1.6666666666666667,1.6666666666666665,1
2024-04-15,CountyA,18-64,4,1,6,17,120000,3.333333333333333,0.8333333333333334,5.0,4.583333333333334,-0.2727272727272729,0,2.7083333333333335,-0.6923076923076923,0,2.291666666666667,1.1818181818181814,1
2024-04-15,CountyA,0-17,0,0,0,1,50000,0.0,0.0,0.0,3.0,-1.0,0,2.5,-1.0,0,3.0,-1.0,0
2024-04-15,CountyB,0-17,2,1,1,9,40000,5.0,2.5,2.5,3.75,0.3333333333333333,0,1.875,0.3333333333333333,0,2.5,0.0,0
2024-04-15,CountyA,65+,1,3,0,12,30000,3.333333333333333,10.0,0.0,9.166666666666666,-0.6363636363636364,0,5.0,1.0,1,5.0,-1.0,0
2024-04-22,CountyC,18-64,10,4,3,23,80000,12.5,5.0,3.75,8.75,0.42857142857142855,0,2.1875,1.2857142857142858,1,2.5,0.5,1
2024-04-22,CountyC,0-17,3,0,0,6,30000,10.0,0.0,0.0,2.5,3.0,1,1.6666666666666665,-1.0,0,3.333333333333333,-1.0,0
2024-04-22,CountyC,65+,5,1,0,11,20000,25.0,5.0,0.0,6.25,3.0,1,7.5,-0.3333333333333333,0,1.25,-1.0,0
2024-04-22,CountyB,65+,2,1,1,5,25000,8.0,4.0,4.0,14.0,-0.42857142857142855,0,4.0,0.0,0,3.0,0.3333333333333333,0
2024-04-22,CountyB,18-64,5,4,4,19,90000,5.555555555555556,4.444444444444445,4.444444444444445,7.222222222222223,-0.23076923076923078,0,3.6111111111111107,0.23076923076923095,0,2.2222222222222223,1.0,1
2024-04-22,CountyB,0-17,3,2,2,10,40000,7.499999999999999,5.0,5.0,4.375,0.7142857142857141,1,1.875,1.6666666666666667,1,3.125,0.6,1
2024-04-22,CountyA,18-64,4,2,2,15,120000,3.333333333333333,1.6666666666666667,1.6666666666666667,4.166666666666667,-0.20000000000000012,0,2.7083333333333335,-0.38461538461538464,0,2.916666666666667,-0.4285714285714286,0
2024-04-22,CountyA,0-17,1,1,2,5,50000,2.0,2.0,4.0,2.5,-0.2,0,1.5,0.3333333333333333,0,2.0,1.0,1
2024-04-22,CountyA,65+,5,2,3,11,30000,16.666666666666668,6.666666666666667,10.0,6.666666666666666,1.5000000000000004,1,5.833333333333333,0.14285714285714296,0,2.5,3.0,1
2024-04-29,CountyC,18-64,1,0,4,7,80000,1.25,0.0,5.0,9.6875,-0.8709677419354839,0,2.8125,-1.0,0,3.125,0.6,1
2024-04-29,CountyC,0-17,2,1,0,5,30000,6.666666666666667,3.333333333333333,0.0,4.166666666666667,0.6,1,0.8333333333333333,3.0000000000000004,1,3.333333333333333,-1.0,0
2024-04-29,CountyB,65+,1,4,2,7,25000,4.0,16.0,8.0,13.0,-0.6923076923076923,0,5.0,2.2,1,4.0,1.0,1
2024-04-29,CountyB,0-17,1,2,1,6,40000,2.5,5.0,2.5,4.375,-0.42857142857142855,0,1.875,1.6666666666666667,1,1.875,0.3333333333333333,0
2024-04-29,CountyB,18-64,2,5,5,15,90000,2.2222222222222223,5.555555555555556,5.555555555555556,7.777777777777779,-0.7142857142857143,0,4.166666666666667,0.3333333333333334,0,2.7777777777777777,1.0000000000000002,1
2024-04-29,CountyA,65+,1,0,1,6,30000,3.333333333333333,0.0,3.333333333333333,10.833333333333332,-0.6923076923076923,0,6.666666666666667,-1.0,0,5.0,-0.33333333333333337,0
2024-04-29,CountyA,18-64,8,3,3,17,120000,6.666666666666667,2.5,2.5,3.75,0.7777777777777779,1,2.0833333333333335,0.19999999999999993,0,2.5,0.0,0
2024-04-29,CountyA,0-17,4,0,0,5,50000,8.0,0.0,0.0,1.5,4.333333333333333,1,1.0,-1.0,0,2.0,-1.0,0
2024-04-29,CountyC,65+,4,2,3,11,20000,20.0,10.0,14.999999999999998,11.25,0.7777777777777778,1,8.75,0.14285714285714285,0,1.25,10.999999999999998,1
2024-05-06,CountyB,65+,0,1,1,6,25000,0.0,4.0,4.0,10.0,-1.0,0,7.0,-0.42857142857142855,0,6.0,-0.3333333333333333,0
2024-05-06,CountyC,65+,4,0,0,4,20000,20.0,0.0,0.0,16.25,0.23076923076923078,0,8.75,-1.0,0,5.0,-1.0,0
2024-05-06,CountyC,18-64,5,3,4,15,80000,6.25,3.75,5.0,8.125,-0.23076923076923078,0,1.875,1.0,1,4.0625,0.23076923076923078,0
2024-05-06,CountyC,0-17,2,0,2,7,30000,6.666666666666667,0.0,6.666666666666667,5.000000000000001,0.33333333333333315,0,1.6666666666666665,-1.0,0,1.6666666666666665,3.0000000000000004,1
2024-05-06,CountyB,18-64,7,2,3,13,90000,7.777777777777779,2.2222222222222223,3.333333333333333,6.1111111111111125,0.2727272727272726,0,4.722222222222222,-0.5294117647058824,0,3.8888888888888893,-0.14285714285714302,0
2024-05-06,CountyA,18-64,3,6,2,18,120000,2.5,5.0,1.6666666666666667,4.166666666666667,-0.4,0,1.8750000000000002,1.6666666666666665,1,2.708333333333334,-0.38461538461538475,0
2024-05-06,CountyA,0-17,4,1,0,7,50000,8.0,2.0,0.0,3.0,1.6666666666666667,1,1.0,1.0,1,2.0,-1.0,0
2024-05-06,CountyB,0-17,5,0,1,10,40000,12.5,0.0,2.5,4.375,1.8571428571428572,1,3.125,-1.0,0,2.5,0.0,0
2024-05-06,CountyA,65+,3,0,3,8,30000,10.0,0.0,10.0,9.166666666666666,0.09090909090909098,0,5.0,-1.0,0,3.333333333333333,2.0000000000000004,1
2024-05-13,CountyC,0-17,2,0,1,5,30000,6.666666666666667,0.0,3.333333333333333,6.666666666666668,-1.3322676295501876e-16,0,0.8333333333333333,-1.0,0,2.5,0.3333333333333332,0
2024-05-13,CountyB,65+,3,1,0,7,25000,12.0,4.0,0.0,7.0,0.7142857142857143,1,7.0,-0.42857142857142855,0,7.0,-1.0,0
2024-05-13,CountyC,18-64,4,1,3,12,80000,5.0,1.25,3.75,6.875,-0.2727272727272727,0,2.5,-0.5,0,4.0625,-0.07692307692307693,0
2024-05-13,CountyB,0-17,2,0,0,5,40000,5.0,0.0,0.0,6.875,-0.2727272727272727,0,3.125,-1.0,0,3.125,-1.0,0
2024-05-13,CountyB,18-64,5,6,1,18,90000,5.555555555555556,6.666666666666667,1.1111111111111112,6.666666666666668,-0.1666666666666667,0,3.6111111111111107,0.8461538461538465,1,4.444444444444445,-0.75,0
2024-05-13,CountyA,18-64,6,2,2,16,120000,5.0,1.6666666666666667,1.6666666666666667,3.958333333333333,0.2631578947368422,0,2.5,-0.3333333333333333,0,2.7083333333333335,-0.38461538461538464,0
2024-05-13,CountyA,0-17,1,1,0,3,50000,2.0,2.0,0.0,4.5,-0.5555555555555556,0,1.0,1.0,1,1.0,-1.0,0
2024-05-13,CountyA,65+,6,1,0,8,30000,20.0,3.333333333333333,0.0,8.333333333333332,1.4000000000000004,1,4.166666666666667,-0.20000000000000012,0,5.833333333333333,-1.0,0
2024-05-13,CountyC,65+,2,0,0,3,20000,10.0,0.0,0.0,18.75,-0.4666666666666667,0,6.25,-1.0,0,5.0,-1.0,0
2024-05-20,CountyC,18-64,8,0,1,17,80000,10.0,0.0,1.25,6.25,0.6,1,2.5,-1.0,0,4.375,-0.7142857142857143,0
2024-05-20,CountyC,0-17,4,0,1,8,30000,13.333333333333334,0.0,3.333333333333333,7.5,0.7777777777777779,1,0.8333333333333333,-1.0,0,2.5,0.3333333333333332,0
2024-05-20,CountyB,65+,4,1,2,8,25000,16.0,4.0,8.0,6.0,1.6666666666666667,1,7.0,-0.42857142857142855,0,4.0,1.0,1
2024-05-20,CountyB,0-17,2,1,0,6,40000,5.0,2.5,0.0,6.875,-0.2727272727272727,0,2.5,0.0,0,2.5,-1.0,0
2024-05-20,CountyB,18-64,4,4,1,14,90000,4.444444444444445,4.444444444444445,1.1111111111111112,5.277777777777779,-0.15789473684210537,0,4.722222222222222,-0.058823529411764684,0,3.611111111111111,-0.6923076923076923,0
2024-05-20,CountyA,65+,3,3,0,8,30000,10.0,10.0,0.0,12.5,-0.2,0,2.5,3.0,1,5.833333333333333,-1.0,0
2024-05-20,CountyA,18-64,5,2,4,15,120000,4.166666666666667,1.6666666666666667,3.333333333333333,4.375,-0.047619047619047554,0,2.7083333333333335,-0.38461538461538464,0,1.8750000000000004,0.7777777777777772,1
2024-05-20,CountyA,0-17,2,2,1,8,50000,4.0,4.0,2.0,5.0,-0.2,0,1.5,1.6666666666666667,1,1.0,1.0,1
2024-05-20,CountyC,65+,3,3,2,11,20000,14.999999999999998,14.999999999999998,10.0,18.75,-0.2000000000000001,0,3.75,2.9999999999999996,1,3.7499999999999996,1.666666666666667,1
2024-05-27,CountyB,65+,6,1,3,11,25000,24.0,4.0,12.0,8.0,2.0,1,7.0,-0.42857142857142855,0,5.0,1.4,1
2024-05-27,CountyC,65+,4,1,3,9,20000,20.0,5.0,14.999999999999998,16.25,0.23076923076923078,0,6.25,-0.2,0,6.25,1.3999999999999997,1
2024-05-27,CountyC,18-64,3,3,5,16,80000,3.75,3.75,6.25,5.625,-0.3333333333333333,0,1.25,2.0,1,3.75,0.6666666666666666,1
2024-05-27,CountyC,0-17,4,2,0,6,30000,13.333333333333334,6.666666666666667,0.0,8.333333333333334,0.6,1,0.8333333333333333,7.000000000000002,1,3.333333333333333,-1.0,0
2024-05-27,CountyB,18-64,1,4,3,15,90000,1.1111111111111112,4.444444444444445,3.333333333333333,5.0,-0.7777777777777778,0,4.722222222222222,-0.058823529411764684,0,2.7777777777777777,0.19999999999999993,0
2024-05-27,CountyA,18-64,5,2,3,12,120000,4.166666666666667,1.6666666666666667,2.5,4.583333333333334,-0.09090909090909097,0,2.7083333333333335,-0.38461538461538464,0,2.291666666666667,0.09090909090909077,0
2024-05-27,CountyA,0-17,4,0,3,10,50000,8.0,0.0,6.0,5.5,0.45454545454545453,0,2.0,-1.0,0,0.5,11.0,1
2024-05-27,CountyB,0-17,5,0,2,7,40000,12.5,0.0,5.0,6.25,1.0,1,1.875,-1.0,0,1.25,3.0,1
2024-05-27,CountyA,65+,4,4,0,9,30000,13.333333333333334,13.333333333333334,0.0,10.833333333333332,0.23076923076923095,0,3.333333333333333,3.0000000000000004,1,3.333333333333333,-1.0,0
2024-06-03,CountyC,0-17,1,1,2,4,30000,3.333333333333333,3.333333333333333,6.666666666666667,10.000000000000002,-0.6666666666666667,0,1.6666666666666667,0.9999999999999998,1,3.333333333333333,1.0000000000000002,1
2024-06-03,CountyB,18-64,8,1,6,17,90000,8.88888888888889,1.1111111111111112,6.666666666666667,4.722222222222222,0.8823529411764707,1,4.444444444444445,-0.75,0,2.2222222222222223,2.0,1
2024-06-03,CountyB,65+,2,1,1,9,25000,8.0,4.0,4.0,13.0,-0.38461538461538464,0,4.0,0.0,0,6.0,-0.3333333333333333,0
2024-06-03,CountyA,18-64,5,3,0,16,120000,4.166666666666667,2.5,0.0,3.958333333333333,0.05263157894736858,0,2.5000000000000004,-1.77635683940025e-16,0,2.291666666666667,-1.0,0
2024-06-03,CountyC,18-64,4,2,4,20,80000,5.0,2.5,5.0,6.25,-0.2,0,2.1875,0.14285714285714285,0,4.0625,0.23076923076923078,0
2024-06-03,CountyA,0-17,2,1,2,13,50000,4.0,2.0,4.0,5.5,-0.2727272727272727,0,2.0,0.0,0,2.0,1.0,1
2024-06-03,CountyA,65+,4,0,3,8,30000,13.333333333333334,0.0,10.0,13.333333333333332,1.332267629550188e-16,0,6.666666666666666,-1.0,0,2.5,3.0,1
2024-06-03,CountyC,65+,0,2,3,7,20000,0.0,10.0,14.999999999999998,16.25,-1.0,0,5.0,1.0,1,6.25,1.3999999999999997,1
2024-06-03,CountyB,0-17,1,1,1,4,40000,2.5,2.5,2.5,8.75,-0.7142857142857143,0,0.625,3.0,1,1.875,0.3333333333333333,0
2024-06-10,CountyA,0-17,3,1,2,9,50000,6.0,2.0,4.0,4.5,0.3333333333333333,0,2.0,0.0,0,3.0,0.3333333333333333,0
2024-06-10,CountyA,18-64,4,4,2,13,120000,3.333333333333333,3.333333333333333,1.6666666666666667,4.375,-0.23809523809523817,0,1.8750000000000002,0.7777777777777775,1,1.875,-0.11111111111111108,0
2024-06-10,CountyA,65+,3,2,1,7,30000,10.0,6.666666666666667,3.333333333333333,14.166666666666666,-0.2941176470588235,0,6.666666666666666,1.332267629550188e-16,0,2.5,0.3333333333333332,0
2024-06-10,CountyB,0-17,2,0,1,6,40000,5.0,0.0,2.5,6.25,-0.2,0,1.25,-1.0,0,1.875,0.3333333333333333,0
2024-06-10,CountyC,18-64,1,3,6,19,80000,1.25,3.75,7.499999999999999,5.9375,-0.7894736842105263,0,1.875,1.0,1,4.0625,0.8461538461538459,1
2024-06-10,CountyC,65+,2,2,1,9,20000,10.0,10.0,5.0,11.25,-0.1111111111111111,0,7.5,0.3333333333333333,0,10.0,-0.5,0
2024-06-10,CountyB,18-64,5,1,5,18,90000,5.555555555555556,1.1111111111111112,5.555555555555556,5.0,0.11111111111111124,0,4.166666666666667,-0.7333333333333334,0,3.0555555555555554,0.8181818181818186,1
2024-06-10,CountyB,65+,3,1,1,7,25000,12.0,4.0,4.0,15.0,-0.2,0,4.0,0.0,0,6.0,-0.3333333333333333,0
2024-06-10,CountyC,0-17,0,0,1,3,30000,0.0,0.0,3.333333333333333,9.166666666666668,-1.0,0,2.5,-1.0,0,3.333333333333333,0.0,0
2024-06-17,CountyC,0-17,2,1,1,4,30000,6.666666666666667,3.333333333333333,3.333333333333333,7.500000000000001,-0.11111111111111117,0,2.5,0.3333333333333332,0,3.3333333333333335,-1.3322676295501878e-16,0
2024-06-17,CountyC,18-64,3,2,3,14,80000,3.75,2.5,3.75,5.0,-0.25,0,2.5,0.0,0,5.0,-0.25,0
2024-06-17,CountyC,65+,6,0,2,10,20000,30.0,0.0,10.0,11.25,1.6666666666666667,1,10.0,-1.0,0,11.25,-0.1111111111111111,0
2024-06-17,CountyB,65+,3,1,2,9,25000,12.0,4.0,8.0,15.0,-0.2,0,4.0,0.0,0,7.0,0.14285714285714285,0
2024-06-17,CountyB,18-64,7,1,4,21,90000,7.777777777777779,1.1111111111111112,4.444444444444445,5.0,0.5555555555555557,1,2.7777777777777777,-0.6,0,4.166666666666667,0.06666666666666664,0
2024-06-17,CountyA,0-17,6,0,2,11,50000,12.0,0.0,4.0,5.5,1.1818181818181819,1,2.0,-1.0,0,4.0,0.0,0
2024-06-17,CountyA,65+,2,1,1,5,30000,6.666666666666667,3.333333333333333,3.333333333333333,11.666666666666666,-0.4285714285714285,0,7.5,-0.5555555555555556,0,3.333333333333333,0.0,0
2024-06-17,CountyB,0-17,2,0,2,6,40000,5.0,0.0,5.0,6.25,-0.2,0,1.25,-1.0,0,2.5,1.0,1
2024-06-17,CountyA,18-64,5,5,1,13,120000,4.166666666666667,4.166666666666667,0.8333333333333334,3.958333333333333,0.05263157894736858,0,2.291666666666667,0.8181818181818181,1,1.8750000000000002,-0.5555555555555557,0
2024-06-24,CountyB,65+,0,4,2,9,25000,0.0,16.0,8.0,14.0,-1.0,0,4.0,3.0,1,7.0,0.14285714285714285,0
2024-06-24,CountyC,65+,3,1,1,10,20000,14.999999999999998,5.0,5.0,15.0,-1.1842378929335003e-16,0,6.25,-0.2,0,11.25,-0.5555555555555556,0
2024-06-24,CountyC,18-64,8,3,2,19,80000,10.0,3.75,2.5,3.4375,1.9090909090909092,1,3.125,0.2,0,5.625,-0.5555555555555556,0
2024-06-24,CountyC,0-17,2,0,2,5,30000,6.666666666666667,0.0,6.666666666666667,5.833333333333334,0.1428571428571428,0,3.333333333333333,-1.0,0,3.333333333333333,1.0000000000000002,1
2024-06-24,CountyB,18-64,8,1,5,16,90000,8.88888888888889,1.1111111111111112,5.555555555555556,5.833333333333334,0.5238095238095237,1,1.9444444444444442,-0.4285714285714285,0,5.0,0.11111111111111124,0
2024-06-24,CountyA,18-64,10,4,2,23,120000,8.333333333333334,3.333333333333333,1.6666666666666667,3.9583333333333335,1.1052631578947367,1,2.916666666666667,0.14285714285714263,0,1.2500000000000004,0.3333333333333329,0
2024-06-24,CountyA,0-17,0,1,1,3,50000,0.0,2.0,2.0,7.5,-1.0,0,1.0,1.0,1,4.5,-0.5555555555555556,0
2024-06-24,CountyB,0-17,3,2,1,8,40000,7.499999999999999,5.0,2.5,6.25,0.19999999999999984,0,0.625,7.0,1,3.75,-0.3333333333333333,0
2024-06-24,CountyA,65+,1,0,2,4,30000,3.333333333333333,0.0,6.666666666666667,10.833333333333332,-0.6923076923076923,0,5.833333333333334,-1.0,0,4.166666666666666,0.6000000000000003,1
2024-07-01,CountyC,18-64,4,1,3,14,80000,5.0,1.25,3.75,5.0,0.0,0,3.125,-0.6,0,4.6875,-0.2,0
2024-07-01,CountyC,0-17,5,1,1,10,30000,16.666666666666668,3.333333333333333,3.333333333333333,4.166666666666668,2.999999999999999,1,1.6666666666666665,1.0,1,5.0,-0.33333333333333337,0
2024-07-01,CountyC,65+,3,2,1,9,20000,14.999999999999998,10.0,5.0,13.75,0.09090909090909079,0,6.25,0.6,1,8.75,-0.42857142857142855,0
2024-07-01,CountyB,0-17,2,1,1,6,40000,5.0,2.5,2.5,5.0,0.0,0,1.875,0.3333333333333333,0,3.125,-0.2,0
2024-07-01,CountyB,18-64,11,0,1,18,90000,12.22222222222222,0.0,1.1111111111111112,7.777777777777779,0.571428571428571,1,1.1111111111111112,-1.0,0,5.555555555555555,-0.8,0
2024-07-01,CountyB,65+,5,0,3,9,25000,20.0,0.0,12.0,8.0,1.5,1,7.0,-1.0,0,6.0,1.0,1
2024-07-01,CountyA,18-64,6,2,6,21,120000,5.0,1.6666666666666667,5.0,5.0,0.0,0,3.333333333333333,-0.49999999999999994,0,1.041666666666667,3.7999999999999985,1
2024-07-01,CountyA,0-17,1,1,1,4,50000,2.0,2.0,2.0,5.5,-0.6363636363636364,0,1.5,0.3333333333333333,0,3.5,-0.42857142857142855,0
2024-07-01,CountyA,65+,3,2,2,7,30000,10.0,6.666666666666667,6.666666666666667,8.333333333333332,0.20000000000000018,0,2.5,1.6666666666666667,1,5.833333333333333,0.14285714285714296,0
2024-07-08,CountyC,18-64,9,1,2,16,80000,11.25,1.25,2.5,5.0,1.25,1,2.8125,-0.5555555555555556,0,4.375,-0.42857142857142855,0
2024-07-08,CountyC,0-17,6,2,0,11,30000,20.0,6.666666666666667,0.0,7.500000000000002,1.666666666666666,1,1.6666666666666665,3.0000000000000004,1,4.166666666666666,-1.0,0
2024-07-08,CountyB,65+,3,0,0,5,25000,12.0,0.0,0.0,11.0,0.09090909090909091,0,6.0,-1.0,0,8.0,-1.0,0
2024-07-08,CountyB,0-17,1,1,2,5,40000,2.5,2.5,5.0,5.625,-0.5555555555555556,0,1.875,0.3333333333333333,0,3.125,0.6,1
2024-07-08,CountyB,18-64,8,5,5,27,90000,8.88888888888889,5.555555555555556,5.555555555555556,8.61111111111111,0.03225806451612913,0,0.8333333333333331,5.666666666666669,1,4.166666666666667,0.3333333333333334,0
2024-07-08,CountyA,65+,3,2,2,9,30000,10.0,6.666666666666667,6.666666666666667,7.499999999999999,0.3333333333333335,0,4.166666666666667,0.6,1,5.0,0.33333333333333337,0
2024-07-08,CountyA,18-64,4,2,2,12,120000,3.333333333333333,1.6666666666666667,1.6666666666666667,5.208333333333334,-0.36000000000000015,0,3.125,-0.4666666666666666,0,2.291666666666667,-0.27272727272727276,0
2024-07-08,CountyA,0-17,0,3,0,3,50000,0.0,6.0,0.0,5.0,-1.0,0,1.5,3.0,1,3.0,-1.0,0
2024-07-08,CountyC,65+,5,1,2,15,20000,25.0,5.0,10.0,17.5,0.42857142857142855,0,6.25,-0.2,0,6.25,0.6,1
2024-07-15,CountyB,65+,1,1,2,7,25000,4.0,4.0,8.0,11.0,-0.6363636363636364,0,5.0,-0.2,0,7.0,0.14285714285714285,0
2024-07-15,CountyC,65+,1,2,2,6,20000,5.0,10.0,10.0,21.25,-0.7647058823529411,0,5.0,1.0,1,7.5,0.3333333333333333,0
2024-07-15,CountyC,18-64,5,4,3,17,80000,6.25,5.0,3.75,7.5,-0.16666666666666666,0,2.1875,1.2857142857142858,1,3.125,0.2,0
2024-07-15,CountyC,0-17,1,1,1,5,30000,3.333333333333333,3.333333333333333,3.333333333333333,12.500000000000002,-0.7333333333333333,0,3.333333333333333,0.0,0,3.333333333333333,0.0,0
2024-07-15,CountyB,18-64,1,4,3,10,90000,1.1111111111111112,4.444444444444445,3.333333333333333,9.444444444444445,-0.8823529411764707,0,1.9444444444444444,1.2857142857142858,1,4.166666666666667,-0.20000000000000012,0
2024-07-15,CountyA,18-64,3,1,3,11,120000,2.5,0.8333333333333334,2.5,5.208333333333334,-0.52,0,2.7083333333333335,-0.6923076923076923,0,2.291666666666667,0.09090909090909077,0
2024-07-15,CountyA,0-17,5,4,1,15,50000,10.0,8.0,2.0,3.5,1.8571428571428572,1,2.5,2.2,1,2.0,0.0,0
2024-07-15,CountyB,0-17,2,0,0,2,40000,5.0,0.0,0.0,5.0,0.0,0,2.5,-1.0,0,3.75,-1.0,0
2024-07-15,CountyA,65+,2,3,0,10,30000,6.666666666666667,10.0,0.0,7.499999999999999,-0.11111111111111097,0,4.166666666666666,1.4000000000000004,1,5.833333333333334,-1.0,0
2024-07-22,CountyC,0-17,2,0,2,6,30000,6.666666666666667,0.0,6.666666666666667,11.66666666666667,-0.4285714285714287,0,3.3333333333333335,-1.0,0,3.3333333333333335,1.0,1
2024-07-22,CountyC,65+,4,5,0,10,20000,20.0,25.0,0.0,15.0,0.3333333333333333,0,7.5,2.3333333333333335,1,7.5,-1.0,0
2024-07-22,CountyC,18-64,8,2,3,18,80000,10.0,2.5,3.75,8.125,0.23076923076923078,0,2.8125,-0.1111111111111111,0,3.125,0.2,0
2024-07-22,CountyB,65+,3,2,2,8,25000,12.0,8.0,8.0,9.0,0.3333333333333333,0,5.0,0.6,1,7.0,0.14285714285714285,0
2024-07-22,CountyB,18-64,3,7,3,15,90000,3.333333333333333,7.777777777777779,3.333333333333333,7.777777777777778,-0.5714285714285715,0,2.7777777777777777,1.8000000000000005,1,3.8888888888888893,-0.14285714285714302,0
2024-07-22,CountyB,0-17,2,2,0,6,40000,5.0,5.0,0.0,5.0,0.0,0,2.5,1.0,1,2.5,-1.0,0
2024-07-22,CountyA,0-17,2,3,0,6,50000,4.0,6.0,0.0,3.0,0.3333333333333333,0,4.5,0.3333333333333333,0,1.5,-1.0,0
2024-07-22,CountyA,65+,4,1,0,8,30000,13.333333333333334,3.333333333333333,0.0,7.499999999999999,0.777777777777778,1,5.833333333333334,-0.42857142857142866,0,5.0,-1.0,0
2024-07-22,CountyA,18-64,6,5,2,16,120000,5.0,4.166666666666667,1.6666666666666667,4.791666666666667,0.043478260869565154,0,1.8750000000000002,1.2222222222222223,1,2.7083333333333335,-0.38461538461538464,0
2024-07-29,CountyB,18-64,3,1,3,13,90000,3.333333333333333,1.1111111111111112,3.333333333333333,6.388888888888888,-0.4782608695652174,0,4.444444444444445,-0.75,0,3.333333333333333,0.0,0
2024-07-29,CountyC,0-17,3,1,2,7,30000,10.0,3.333333333333333,6.666666666666667,11.666666666666668,-0.14285714285714293,0,3.333333333333333,0.0,0,3.333333333333333,1.0000000000000002,1
2024-07-29,CountyB,65+,3,2,4,12,25000,12.0,8.0,16.0,12.0,0.0,0,3.0,1.6666666666666667,1,7.0,1.2857142857142858,1
2024-07-29,CountyA,0-17,2,0,1,6,50000,4.0,0.0,2.0,4.0,0.0,0,5.5,-1.0,0,1.0,1.0,1
2024-07-29,CountyC,65+,7,0,1,9,20000,35.0,0.0,5.0,16.25,1.1538461538461537,1,12.5,-1.0,0,6.25,-0.2,0
2024-07-29,CountyA,65+,4,2,2,13,30000,13.333333333333334,6.666666666666667,6.666666666666667,10.0,0.33333333333333337,0,6.666666666666667,0.0,0,3.333333333333334,0.9999999999999998,1
2024-07-29,CountyA,18-64,7,3,4,22,120000,5.833333333333333,2.5,3.333333333333333,3.958333333333333,0.4736842105263158,0,2.083333333333334,0.19999999999999965,0,2.7083333333333335,0.2307692307692306,0
2024-07-29,CountyB,0-17,1,1,0,6,40000,2.5,2.5,0.0,4.375,-0.42857142857142855,0,2.5,0.0,0,1.875,-1.0,0
2024-07-29,CountyC,18-64,5,4,1,15,80000,6.25,5.0,1.25,8.125,-0.23076923076923078,0,2.5,1.0,1,3.4375,-0.6363636363636364,0
2024-08-05,CountyA,0-17,2,0,1,5,50000,4.0,0.0,2.0,4.5,-0.1111111111111111,0,5.0,-1.0,0,1.0,1.0,1
2024-08-05,CountyA,18-64,15,1,3,23,120000,12.5,0.8333333333333334,2.5,4.166666666666666,2.0000000000000004,1,2.291666666666667,-0.6363636363636364,0,2.291666666666667,0.09090909090909077,0
2024-08-05,CountyA,65+,1,4,1,9,30000,3.333333333333333,13.333333333333334,3.333333333333333,10.833333333333332,-0.6923076923076923,0,6.666666666666666,1.0000000000000002,1,3.3333333333333335,-1.3322676295501878e-16,0
2024-08-05,CountyB,0-17,3,1,3,9,40000,7.499999999999999,2.5,7.499999999999999,3.75,0.9999999999999998,1,2.5,0.0,0,1.25,4.999999999999999,1
2024-08-05,CountyB,18-64,1,1,3,8,90000,1.1111111111111112,1.1111111111111112,3.333333333333333,4.166666666666667,-0.7333333333333334,0,4.722222222222222,-0.7647058823529411,0,3.8888888888888884,-0.14285714285714282,0
2024-08-05,CountyB,65+,5,1,2,15,25000,20.0,4.0,8.0,10.0,1.0,1,5.0,-0.2,0,8.0,0.0,0
2024-08-05,CountyC,0-17,2,0,0,6,30000,6.666666666666667,0.0,0.0,10.0,-0.3333333333333333,0,3.333333333333333,-1.0,0,4.166666666666667,-1.0,0
2024-08-05,CountyC,18-64,6,1,2,12,80000,7.499999999999999,1.25,2.5,8.4375,-0.11111111111111122,0,3.4375,-0.6363636363636364,0,2.8125,-0.1111111111111111,0
2024-08-05,CountyC,65+,3,2,0,7,20000,14.999999999999998,10.0,0.0,21.25,-0.2941176470588236,0,10.0,0.0,0,6.25,-1.0,0
2024-08-12,CountyC,65+,0,0,1,1,20000,0.0,0.0,5.0,18.75,-1.0,0,11.25,-1.0,0,3.75,0.3333333333333333,0
2024-08-12,CountyC,0-17,1,0,1,6,30000,3.333333333333333,0.0,3.333333333333333,6.666666666666668,-0.5000000000000001,0,1.6666666666666665,-1.0,0,4.166666666666667,-0.20000000000000012,0
2024-08-12,CountyB,65+,2,1,2,6,25000,8.0,4.0,8.0,12.0,-0.3333333333333333,0,6.0,-0.3333333333333333,0,10.0,-0.2,0
2024-08-12,CountyB,0-17,1,2,1,9,40000,2.5,5.0,2.5,5.0,-0.5,0,2.5,1.0,1,1.8749999999999998,0.3333333333333335,0
2024-08-12,CountyB,18-64,5,2,5,13,90000,5.555555555555556,2.2222222222222223,5.555555555555556,2.2222222222222223,1.5000000000000002,1,3.6111111111111107,-0.3846153846153845,0,3.333333333333333,0.6666666666666671,1
2024-08-12,CountyA,65+,3,1,1,8,30000,10.0,3.333333333333333,3.333333333333333,9.166666666666666,0.09090909090909098,0,8.333333333333334,-0.6000000000000001,0,2.5,0.3333333333333332,0
2024-08-12,CountyA,0-17,4,0,0,7,50000,8.0,0.0,0.0,5.5,0.45454545454545453,0,3.5,-1.0,0,1.5,-1.0,0
2024-08-12,CountyC,18-64,6,3,3,16,80000,7.499999999999999,3.75,3.75,7.5,-1.1842378929335003e-16,0,3.4375,0.09090909090909091,0,2.8125,0.3333333333333333,0
2024-08-12,CountyA,18-64,6,1,5,16,120000,5.0,0.8333333333333334,4.166666666666667,6.458333333333334,-0.2258064516129033,0,2.083333333333334,-0.6000000000000001,0,2.5,0.6666666666666667,1
2024-08-19,CountyC,18-64,5,3,1,14,80000,6.25,3.75,1.25,7.8125,-0.2,0,3.125,0.2,0,2.8125,-0.5555555555555556,0
2024-08-19,CountyC,0-17,1,1,1,5,30000,3.333333333333333,3.333333333333333,3.333333333333333,6.666666666666668,-0.5000000000000001,0,0.8333333333333333,3.0000000000000004,1,4.166666666666667,-0.20000000000000012,0
2024-08-19,CountyB,65+,1,0,1,4,25000,4.0,0.0,4.0,13.0,-0.6923076923076923,0,6.0,-1.0,0,10.0,-0.6,0
2024-08-19,CountyB,0-17,0,3,1,4,40000,0.0,7.499999999999999,2.5,4.375,-1.0,0,3.75,0.9999999999999998,1,2.5,0.0,0
2024-08-19,CountyB,18-64,1,1,0,7,90000,1.1111111111111112,1.1111111111111112,0.0,3.3333333333333335,-0.6666666666666666,0,3.055555555555556,-0.6363636363636364,0,3.8888888888888893,-1.0,0
2024-08-19,CountyA,65+,5,1,2,12,30000,16.666666666666668,3.333333333333333,6.666666666666667,10.0,0.6666666666666667,1,6.666666666666667,-0.5000000000000001,0,3.333333333333333,1.0000000000000002,1
2024-08-19,CountyA,18-64,3,3,3,14,120000,2.5,2.5,2.5,7.083333333333334,-0.6470588235294118,0,2.0833333333333335,0.19999999999999993,0,2.916666666666667,-0.14285714285714293,0
2024-08-19,CountyA,0-17,2,0,1,7,50000,4.0,0.0,2.0,5.0,-0.2,0,1.5,-1.0,0,1.0,1.0,1
2024-08-19,CountyC,65+,1,0,1,5,20000,5.0,0.0,5.0,17.5,-0.7142857142857143,0,8.75,-1.0,0,2.5,1.0,1
2024-08-26,CountyB,65+,3,2,2,11,25000,12.0,8.0,8.0,11.0,0.09090909090909091,0,4.0,1.0,1,9.0,-0.1111111111111111,0
2024-08-26,CountyC,65+,3,3,2,10,20000,14.999999999999998,14.999999999999998,10.0,13.75,0.09090909090909079,0,2.5,4.999999999999999,1,3.75,1.6666666666666667,1
2024-08-26,CountyC,18-64,5,0,2,15,80000,6.25,0.0,2.5,6.875,-0.09090909090909091,0,3.4375,-1.0,0,2.1875,0.14285714285714285,0
2024-08-26,CountyC,0-17,2,0,1,5,30000,6.666666666666667,0.0,3.333333333333333,5.833333333333334,0.1428571428571428,0,1.6666666666666665,-1.0,0,3.333333333333333,0.0,0
2024-08-26,CountyB,18-64,7,6,5,26,90000,7.777777777777779,6.666666666666667,5.555555555555556,2.7777777777777777,1.8000000000000005,1,1.3888888888888888,3.8000000000000007,1,3.0555555555555554,0.8181818181818186,1
2024-08-26,CountyA,18-64,9,7,8,29,120000,7.499999999999999,5.833333333333333,6.666666666666667,6.458333333333334,0.1612903225806449,0,1.666666666666667,2.499999999999999,1,3.1250000000000004,1.133333333333333,1
2024-08-26,CountyA,0-17,5,1,2,8,50000,10.0,2.0,4.0,5.0,1.0,1,0.0,inf,0,1.5,1.6666666666666667,1
2024-08-26,CountyB,0-17,1,1,1,5,40000,2.5,2.5,2.5,3.1249999999999996,-0.1999999999999999,0,4.375,-0.42857142857142855,0,3.125,-0.2,0
2024-08-26,CountyA,65+,2,0,1,5,30000,6.666666666666667,0.0,3.333333333333333,10.833333333333332,-0.3846153846153845,0,6.666666666666666,-1.0,0,5.0,-0.33333333333333337,0
2024-09-02,CountyC,0-17,1,2,0,7,30000,3.333333333333333,6.666666666666667,0.0,5.000000000000001,-0.33333333333333354,0,0.8333333333333333,7.000000000000002,1,2.5,-1.0,0
2024-09-02,CountyB,18-64,5,2,2,14,90000,5.555555555555556,2.2222222222222223,2.2222222222222223,3.8888888888888893,0.4285714285714286,0,2.7777777777777777,-0.19999999999999993,0,3.6111111111111116,-0.3846153846153847,0
2024-09-02,CountyC,65+,3,1,2,11,20000,14.999999999999998,5.0,10.0,8.75,0.7142857142857141,1,6.25,-0.2,0,5.0,1.0,1
2024-09-02,CountyA,0-17,5,3,5,16,50000,10.0,6.0,10.0,6.5,0.5384615384615384,1,0.5,11.0,1,2.0,4.0,1
2024-09-02,CountyB,65+,1,1,0,4,25000,4.0,4.0,0.0,11.0,-0.6363636363636364,0,4.0,0.0,0,7.0,-1.0,0
2024-09-02,CountyA,18-64,8,1,4,19,120000,6.666666666666667,0.8333333333333334,3.333333333333333,6.874999999999999,-0.030303030303030134,0,2.5,-0.6666666666666666,0,3.958333333333334,-0.15789473684210548,0
2024-09-02,CountyB,0-17,4,1,0,5,40000,10.0,2.5,0.0,3.125,2.2,1,4.375,-0.42857142857142855,0,3.75,-1.0,0
2024-09-02,CountyA,65+,2,0,0,7,30000,6.666666666666667,0.0,0.0,9.166666666666666,-0.27272727272727265,0,5.0,-1.0,0,4.166666666666666,-1.0,0
2024-09-02,CountyC,18-64,3,5,5,21,80000,3.75,6.25,6.25,6.875,-0.45454545454545453,0,2.1875,1.8571428571428572,1,2.5,1.5,1
2024-09-09,CountyB,65+,1,0,2,4,25000,4.0,0.0,8.0,7.0,-0.42857142857142855,0,4.0,-1.0,0,5.0,0.6,1
2024-09-09,CountyC,65+,4,0,2,10,20000,20.0,0.0,10.0,8.749999999999998,1.2857142857142863,1,5.0,-1.0,0,7.5,0.3333333333333333,0
2024-09-09,CountyC,18-64,3,1,5,13,80000,3.75,1.25,6.25,5.9375,-0.3684210526315789,0,3.4375,-0.6363636363636364,0,3.4375,0.8181818181818182,1
2024-09-09,CountyC,0-17,0,2,0,4,30000,0.0,6.666666666666667,0.0,4.166666666666667,-1.0,0,2.5,1.6666666666666667,1,2.5,-1.0,0
2024-09-09,CountyB,18-64,6,2,6,22,90000,6.666666666666667,2.2222222222222223,6.666666666666667,5.000000000000001,0.33333333333333315,0,3.0555555555555554,-0.27272727272727265,0,3.333333333333334,0.9999999999999998,1
2024-09-09,CountyA,18-64,6,3,5,20,120000,5.0,2.5,4.166666666666667,5.416666666666666,-0.07692307692307682,0,2.5,0.0,0,4.166666666666667,0.0,0
2024-09-09,CountyA,0-17,1,0,2,5,50000,2.0,0.0,4.0,8.0,-0.75,0,2.0,-1.0,0,4.0,0.0,0
2024-09-09,CountyB,0-17,3,2,2,7,40000,7.499999999999999,5.0,5.0,3.75,0.9999999999999998,1,4.375,0.14285714285714285,0,1.875,1.6666666666666667,1
2024-09-09,CountyA,65+,7,1,1,13,30000,23.33333333333333,3.333333333333333,3.333333333333333,10.0,1.3333333333333328,1,1.6666666666666665,1.0,1,3.333333333333333,0.0,0
2024-09-16,CountyA,65+,2,1,1,7,30000,6.666666666666667,3.333333333333333,3.333333333333333,13.333333333333332,-0.49999999999999994,0,1.6666666666666665,1.0,1,3.3333333333333335,-1.3322676295501878e-16,0
2024-09-16,CountyC,65+,3,2,3,11,20000,14.999999999999998,10.0,14.999999999999998,13.749999999999998,0.09090909090909093,0,5.0,1.0,1,8.75,0.7142857142857141,1
2024-09-16,CountyC,18-64,9,4,1,20,80000,11.25,5.0,1.25,5.0,1.25,1,2.8125,0.7777777777777778,1,4.0625,-0.6923076923076923,0
2024-09-16,CountyB,65+,0,1,2,6,25000,0.0,4.0,8.0,6.0,-1.0,0,3.0,0.3333333333333333,0,5.0,0.6,1
2024-09-16,CountyA,18-64,7,6,2,20,120000,5.833333333333333,5.0,1.6666666666666667,5.416666666666666,0.07692307692307698,0,2.916666666666667,0.7142857142857141,1,4.166666666666667,-0.6,0
2024-09-16,CountyB,0-17,2,1,0,5,40000,5.0,2.5,0.0,5.0,0.0,0,4.375,-0.42857142857142855,0,2.5,-1.0,0
2024-09-16,CountyA,0-17,2,1,1,8,50000,4.0,2.0,2.0,6.5,-0.38461538461538464,0,2.0,0.0,0,5.0,-0.6,0
2024-09-16,CountyB,18-64,5,5,4,20,90000,5.555555555555556,5.555555555555556,4.444444444444445,5.277777777777779,0.0526315789473684,0,3.0555555555555554,0.8181818181818186,1,3.6111111111111116,0.23076923076923064,0
2024-09-16,CountyC,0-17,2,1,0,6,30000,6.666666666666667,3.333333333333333,0.0,3.333333333333334,0.9999999999999998,1,4.166666666666667,-0.20000000000000012,0,1.6666666666666665,-1.0,0
2024-09-23,CountyC,0-17,3,2,0,10,30000,10.0,6.666666666666667,0.0,4.166666666666668,1.3999999999999992,1,4.166666666666667,0.6,1,0.8333333333333333,-1.0,0
2024-09-23,CountyC,18-64,5,3,2,15,80000,6.25,3.75,2.5,6.25,0.0,0,3.125,0.2,0,4.0625,-0.38461538461538464,0
2024-09-23,CountyC,65+,2,2,1,8,20000,10.0,10.0,5.0,16.249999999999996,-0.38461538461538447,0,7.5,0.3333333333333333,0,11.25,-0.5555555555555556,0
2024-09-23,CountyA,0-17,3,2,2,8,50000,6.0,4.0,4.0,6.5,-0.07692307692307693,0,2.5,0.6,1,5.0,-0.2,0
2024-09-23,CountyA,18-64,5,5,1,14,120000,4.166666666666667,4.166666666666667,0.8333333333333334,6.25,-0.33333333333333326,0,3.541666666666667,0.1764705882352941,0,3.9583333333333335,-0.7894736842105263,0
2024-09-23,CountyA,65+,4,1,1,10,30000,13.333333333333334,3.333333333333333,3.333333333333333,10.83333333333333,0.23076923076923117,0,1.6666666666666665,1.0,1,2.5,0.3333333333333332,0
2024-09-23,CountyB,0-17,4,0,0,6,40000,10.0,0.0,0.0,6.25,0.6,1,3.125,-1.0,0,1.875,-1.0,0
2024-09-23,CountyB,18-64,6,2,6,20,90000,6.666666666666667,2.2222222222222223,6.666666666666667,6.388888888888889,0.0434782608695652,0,4.166666666666667,-0.4666666666666667,0,4.722222222222222,0.411764705882353,0
2024-09-23,CountyB,65+,0,1,0,5,25000,0.0,4.0,0.0,5.0,-1.0,0,4.0,0.0,0,6.0,-1.0,0
2024-09-30,CountyC,0-17,4,1,1,7,30000,13.333333333333334,3.333333333333333,3.333333333333333,5.000000000000001,1.666666666666666,1,5.833333333333334,-0.42857142857142866,0,0.0,inf,0
2024-09-30,CountyC,65+,4,4,2,16,20000,20.0,20.0,10.0,14.999999999999998,0.3333333333333335,0,6.25,2.2,1,10.0,0.0,0
2024-09-30,CountyC,18-64,3,2,7,16,80000,3.75,2.5,8.75,6.25,-0.4,0,4.0625,-0.38461538461538464,0,4.0625,1.1538461538461537,1
2024-09-30,CountyB,0-17,2,0,1,5,40000,5.0,0.0,2.5,8.125,-0.38461538461538464,0,2.5,-1.0,0,1.25,1.0,1
2024-09-30,CountyB,18-64,13,3,2,23,90000,14.444444444444445,3.333333333333333,2.2222222222222223,6.111111111111112,1.3636363636363633,1,3.0555555555555554,0.09090909090909088,0,5.0,-0.5555555555555556,0
2024-09-30,CountyB,65+,0,2,1,6,25000,0.0,8.0,4.0,2.0,-1.0,0,3.0,1.6666666666666667,1,4.0,0.0,0
2024-09-30,CountyA,0-17,1,0,3,5,50000,2.0,0.0,6.0,5.5,-0.6363636363636364,0,3.0,-1.0,0,5.0,0.2,0
2024-09-30,CountyA,65+,3,1,2,7,30000,10.0,3.333333333333333,6.666666666666667,12.499999999999996,-0.19999999999999976,0,2.5,0.3333333333333332,0,2.5,1.6666666666666667,1
2024-09-30,CountyA,18-64,7,5,3,27,120000,5.833333333333333,4.166666666666667,2.5,5.416666666666666,0.07692307692307698,0,3.125,0.3333333333333334,0,2.5000000000000004,-1.77635683940025e-16,0
2024-10-07,CountyC,18-64,5,2,3,18,80000,6.25,2.5,3.75,6.25,0.0,0,3.125,-0.2,0,4.6875,-0.2,0
2024-10-07,CountyC,0-17,1,0,0,1,30000,3.333333333333333,0.0,0.0,7.500000000000002,-0.5555555555555557,0,5.0,-1.0,0,0.8333333333333333,-1.0,0
2024-10-07,CountyB,65+,3,3,2,9,25000,12.0,12.0,8.0,1.0,11.0,1,4.0,2.0,1,5.0,0.6,1
2024-10-07,CountyB,0-17,0,3,1,8,40000,0.0,7.499999999999999,2.5,6.875,-1.0,0,1.875,2.9999999999999996,1,1.875,0.3333333333333333,0
2024-10-07,CountyB,18-64,7,3,3,20,90000,7.777777777777779,3.333333333333333,3.333333333333333,8.333333333333334,-0.06666666666666664,0,3.333333333333333,0.0,0,5.0,-0.33333333333333337,0
2024-10-07,CountyA,65+,5,0,0,6,30000,16.666666666666668,0.0,0.0,13.333333333333332,0.2500000000000002,0,3.333333333333333,-1.0,0,4.166666666666666,-1.0,0
2024-10-07,CountyA,18-64,11,2,1,19,120000,9.166666666666666,1.6666666666666667,0.8333333333333334,5.208333333333333,0.76,1,3.9583333333333335,-0.5789473684210527,0,2.291666666666667,-0.6363636363636364,0
2024-10-07,CountyA,0-17,4,1,2,11,50000,8.0,2.0,4.0,3.5,1.2857142857142858,1,1.5,0.3333333333333333,0,4.0,0.0,0
2024-10-07,CountyC,65+,3,0,1,10,20000,14.999999999999998,0.0,5.0,16.25,-0.07692307692307704,0,10.0,-1.0,0,10.0,-0.5,0
2024-10-14,CountyB,65+,4,2,5,16,25000,16.0,8.0,20.0,3.0,4.333333333333333,1,7.0,0.14285714285714285,0,5.0,3.0,1
2024-10-14,CountyC,65+,2,2,2,7,20000,10.0,10.0,10.0,15.0,-0.3333333333333333,0,10.0,0.0,0,8.75,0.14285714285714285,0
2024-10-14,CountyC,18-64,2,5,4,14,80000,2.5,6.25,5.0,6.875,-0.6363636363636364,0,3.4375,0.8181818181818182,1,4.0625,0.23076923076923078,0
2024-10-14,CountyC,0-17,4,0,0,8,30000,13.333333333333334,0.0,0.0,8.333333333333334,0.6,1,3.333333333333333,-1.0,0,0.8333333333333333,-1.0,0
2024-10-14,CountyB,18-64,6,2,3,14,90000,6.666666666666667,2.2222222222222223,3.333333333333333,8.611111111111112,-0.2258064516129033,0,3.6111111111111107,-0.3846153846153845,0,4.166666666666666,-0.19999999999999996,0
2024-10-14,CountyA,18-64,7,5,0,15,120000,5.833333333333333,4.166666666666667,0.0,6.25,-0.06666666666666671,0,3.75,0.11111111111111119,0,1.4583333333333335,-1.0,0
2024-10-14,CountyA,0-17,2,0,1,5,50000,4.0,0.0,2.0,5.0,-0.2,0,2.0,-1.0,0,4.0,-0.5,0
2024-10-14,CountyB,0-17,1,1,4,7,40000,2.5,2.5,10.0,5.0,-0.5,0,2.5,0.0,0,1.25,7.0,1
2024-10-14,CountyA,65+,6,1,0,11,30000,20.0,3.333333333333333,0.0,11.666666666666666,0.7142857142857144,1,2.5,0.3333333333333332,0,3.3333333333333335,-1.0,0
2024-10-21,CountyC,0-17,4,0,1,7,30000,13.333333333333334,0.0,3.333333333333333,10.0,0.33333333333333337,0,2.5,-1.0,0,0.8333333333333333,3.0000000000000004,1
2024-10-21,CountyC,65+,2,0,0,4,20000,10.0,0.0,0.0,13.75,-0.2727272727272727,0,10.0,-1.0,0,7.5,-1.0,0
2024-10-21,CountyC,18-64,8,1,3,17,80000,10.0,1.25,3.75,4.6875,1.1333333333333333,1,3.75,-0.6666666666666666,0,5.0,-0.25,0
2024-10-21,CountyB,65+,1,0,1,3,25000,4.0,0.0,4.0,7.0,-0.42857142857142855,0,8.0,-1.0,0,8.0,-0.5,0
2024-10-21,CountyB,18-64,10,3,4,25,90000,11.111111111111112,3.333333333333333,4.444444444444445,8.88888888888889,0.2500000000000001,0,2.777777777777777,0.20000000000000032,0,3.8888888888888893,0.1428571428571428,0
2024-10-21,CountyB,0-17,3,2,0,6,40000,7.499999999999999,5.0,0.0,4.375,0.7142857142857141,1,2.5,1.0,1,3.75,-1.0,0
2024-10-21,CountyA,0-17,3,2,0,6,50000,6.0,4.0,0.0,5.0,0.2,0,1.5,1.6666666666666667,1,4.0,-1.0,0
2024-10-21,CountyA,65+,3,1,2,10,30000,10.0,3.333333333333333,6.666666666666667,15.0,-0.3333333333333333,0,2.5,0.3333333333333332,0,2.5,1.6666666666666667,1
2024-10-21,CountyA,18-64,6,3,3,18,120000,5.0,2.5,2.5,6.25,-0.2,0,3.541666666666667,-0.2941176470588236,0,1.0416666666666667,1.4,1
2024-10-28,CountyB,18-64,6,4,2,17,90000,6.666666666666667,4.444444444444445,2.2222222222222223,10.0,-0.3333333333333333,0,3.055555555555555,0.4545454545454549,0,3.333333333333333,-0.33333333333333326,0
2024-10-28,CountyC,0-17,0,1,3,5,30000,0.0,3.333333333333333,10.0,10.833333333333334,-1.0,0,0.8333333333333333,3.0000000000000004,1,1.6666666666666665,5.000000000000001,1
2024-10-28,CountyB,65+,3,2,3,13,25000,12.0,8.0,12.0,8.0,0.5,1,7.0,0.14285714285714285,0,9.0,0.3333333333333333,0
2024-10-28,CountyA,0-17,2,3,1,7,50000,4.0,6.0,2.0,5.0,-0.2,0,1.5,3.0,1,3.0,-0.3333333333333333,0
2024-10-28,CountyC,65+,0,2,4,12,20000,0.0,10.0,20.0,13.75,-1.0,0,7.5,0.3333333333333333,0,6.25,2.2,1
2024-10-28,CountyA,65+,2,1,1,5,30000,6.666666666666667,3.333333333333333,3.333333333333333,14.166666666666666,-0.5294117647058824,0,2.5,0.3333333333333332,0,3.3333333333333335,-1.3322676295501878e-16,0
2024-10-28,CountyA,18-64,8,1,4,20,120000,6.666666666666667,0.8333333333333334,3.333333333333333,6.458333333333333,0.03225806451612913,0,3.125,-0.7333333333333333,0,1.4583333333333335,1.2857142857142854,1
2024-10-28,CountyB,0-17,5,1,1,12,40000,12.5,2.5,2.5,3.75,2.3333333333333335,1,3.75,-0.3333333333333333,0,3.75,-0.3333333333333333,0
2024-10-28,CountyC,18-64,8,4,1,18,80000,10.0,5.0,1.25,5.625,0.7777777777777778,1,3.125,0.6,1,5.3125,-0.7647058823529411,0
2024-11-04,CountyA,0-17,0,0,3,5,50000,0.0,0.0,6.0,5.5,-1.0,0,3.0,-1.0,0,2.0,2.0,1
2024-11-04,CountyA,18-64,5,2,0,10,120000,4.166666666666667,1.6666666666666667,0.0,6.666666666666667,-0.375,0,2.291666666666667,-0.27272727272727276,0,1.666666666666667,-1.0,0
2024-11-04,CountyA,65+,2,3,1,9,30000,6.666666666666667,10.0,3.333333333333333,13.333333333333332,-0.49999999999999994,0,2.5,3.0,1,2.5,0.3333333333333332,0
2024-11-04,CountyB,0-17,0,1,1,4,40000,0.0,2.5,2.5,5.625,-1.0,0,4.375,-0.42857142857142855,0,3.75,-0.3333333333333333,0
2024-11-04,CountyB,18-64,3,1,5,14,90000,3.333333333333333,1.1111111111111112,5.555555555555556,8.055555555555557,-0.5862068965517243,0,3.3333333333333326,-0.6666666666666666,0,3.3333333333333335,0.6666666666666669,1
2024-11-04,CountyB,65+,1,1,1,6,25000,4.0,4.0,4.0,11.0,-0.6363636363636364,0,7.0,-0.42857142857142855,0,11.0,-0.6363636363636364,0
2024-11-04,CountyC,0-17,3,1,0,7,30000,10.0,3.333333333333333,0.0,7.5,0.3333333333333333,0,0.8333333333333333,3.0000000000000004,1,3.333333333333333,-1.0,0
2024-11-04,CountyC,18-64,9,7,1,23,80000,11.25,8.75,1.25,7.1875,0.5652173913043478,1,3.75,1.3333333333333333,1,3.4375,-0.6363636363636364,0
2024-11-04,CountyC,65+,3,1,3,10,20000,14.999999999999998,5.0,14.999999999999998,8.75,0.7142857142857141,1,5.0,0.0,0,8.75,0.7142857142857141,1
2024-11-11,CountyC,65+,0,0,0,4,20000,0.0,0.0,0.0,8.75,-1.0,0,6.25,-1.0,0,11.25,-1.0,0
2024-11-11,CountyC,18-64,5,1,2,12,80000,6.25,1.25,2.5,8.4375,-0.25925925925925924,0,5.3125,-0.7647058823529411,0,2.8125,-0.1111111111111111,0
2024-11-11,CountyB,65+,4,1,2,10,25000,16.0,4.0,8.0,9.0,0.7777777777777778,1,5.0,-0.2,0,10.0,-0.2,0
2024-11-11,CountyB,0-17,2,0,3,5,40000,5.0,0.0,7.499999999999999,5.625,-0.1111111111111111,0,3.125,-1.0,0,3.75,0.9999999999999998,1
2024-11-11,CountyB,18-64,9,1,5,23,90000,10.0,1.1111111111111112,5.555555555555556,6.9444444444444455,0.4399999999999998,0,2.7777777777777772,-0.5999999999999999,0,3.8888888888888893,0.4285714285714286,0
2024-11-11,CountyA,65+,2,1,3,9,30000,6.666666666666667,3.333333333333333,10.0,10.833333333333332,-0.3846153846153845,0,5.0,-0.33333333333333337,0,3.333333333333333,2.0000000000000004,1
2024-11-11,CountyC,0-17,1,0,2,4,30000,3.333333333333333,0.0,6.666666666666667,9.166666666666668,-0.6363636363636365,0,1.6666666666666665,-1.0,0,3.333333333333333,1.0000000000000002,1
2024-11-11,CountyA,0-17,1,0,0,4,50000,2.0,0.0,0.0,3.5,-0.42857142857142855,0,2.5,-1.0,0,2.5,-1.0,0
2024-11-11,CountyA,18-64,10,3,3,27,120000,8.333333333333334,2.5,2.5,5.416666666666667,0.5384615384615384,1,2.291666666666667,0.09090909090909077,0,1.4583333333333335,0.7142857142857141,1
2024-11-18,CountyC,18-64,5,5,4,18,80000,6.25,6.25,5.0,9.375,-0.3333333333333333,0,4.0625,0.5384615384615384,1,2.1875,1.2857142857142858,1
2024-11-18,CountyC,0-17,4,1,1,7,30000,13.333333333333334,3.333333333333333,3.333333333333333,6.666666666666668,0.9999999999999998,1,1.6666666666666665,1.0,1,5.0,-0.33333333333333337,0
2024-11-18,CountyB,65+,2,0,1,6,25000,8.0,0.0,4.0,9.0,-0.1111111111111111,0,4.0,-1.0,0,7.0,-0.42857142857142855,0
2024-11-18,CountyB,0-17,0,2,1,3,40000,0.0,5.0,2.5,6.25,-1.0,0,2.5,1.0,1,3.125,-0.2,0
2024-11-18,CountyB,18-64,3,3,4,11,90000,3.333333333333333,3.333333333333333,4.444444444444445,7.777777777777779,-0.5714285714285715,0,2.499999999999999,0.3333333333333337,0,4.444444444444445,0.0,0
2024-11-18,CountyA,65+,0,0,1,6,30000,0.0,0.0,3.333333333333333,7.499999999999999,-1.0,0,5.0,-1.0,0,5.833333333333333,-0.4285714285714286,0
2024-11-18,CountyA,18-64,4,1,2,13,120000,3.333333333333333,0.8333333333333334,1.6666666666666667,6.041666666666667,-0.4482758620689656,0,1.875,-0.5555555555555555,0,2.0833333333333335,-0.2,0
2024-11-18,CountyA,0-17,0,0,2,4,50000,0.0,0.0,4.0,3.0,-1.0,0,2.5,-1.0,0,2.0,1.0,1
2024-11-18,CountyC,65+,2,0,1,8,20000,10.0,0.0,5.0,6.249999999999999,0.6000000000000002,1,3.75,-1.0,0,8.75,-0.42857142857142855,0
2024-11-25,CountyB,65+,5,1,1,11,25000,20.0,4.0,4.0,10.0,1.0,1,4.0,0.0,0,7.0,-0.42857142857142855,0
2024-11-25,CountyC,65+,4,1,4,12,20000,20.0,5.0,20.0,6.25,2.2,1,3.75,0.3333333333333333,0,10.0,1.0,1
2024-11-25,CountyC,18-64,7,5,2,20,80000,8.75,6.25,2.5,8.4375,0.037037037037037035,0,5.3125,0.17647058823529413,0,2.5,0.0,0
2024-11-25,CountyC,0-17,1,1,2,5,30000,3.333333333333333,3.333333333333333,6.666666666666667,6.666666666666668,-0.5000000000000001,0,2.5,0.3333333333333332,0,5.0,0.33333333333333337,0
2024-11-25,CountyB,18-64,8,3,2,22,90000,8.88888888888889,3.333333333333333,2.2222222222222223,5.833333333333333,0.523809523809524,1,2.4999999999999996,0.3333333333333334,0,4.444444444444445,-0.5,0
2024-11-25,CountyA,18-64,3,2,3,12,120000,2.5,1.6666666666666667,2.5,5.625,-0.5555555555555556,0,1.4583333333333333,0.14285714285714296,0,1.8750000000000002,0.33333333333333315,0
2024-11-25,CountyA,0-17,2,0,2,6,50000,4.0,0.0,4.0,1.5,1.6666666666666667,1,1.5,-1.0,0,3.0,0.3333333333333333,0
2024-11-25,CountyB,0-17,5,2,0,11,40000,12.5,5.0,0.0,4.375,1.8571428571428572,1,2.5,1.0,1,3.75,-1.0,0
2024-11-25,CountyA,65+,2,1,4,11,30000,6.666666666666667,3.333333333333333,13.333333333333334,4.999999999999999,0.33333333333333365,0,4.166666666666666,-0.19999999999999996,0,4.999999999999999,1.6666666666666674,1
2024-12-02,CountyC,65+,5,2,3,15,20000,25.0,10.0,14.999999999999998,11.25,1.2222222222222223,1,2.5,3.0,1,10.0,0.49999999999999983,0
2024-12-02,CountyB,65+,5,1,3,11,25000,20.0,4.0,12.0,12.0,0.6666666666666666,1,3.0,0.3333333333333333,0,5.0,1.4,1
2024-12-02,CountyB,18-64,7,2,2,17,90000,7.777777777777779,2.2222222222222223,2.2222222222222223,6.388888888888888,0.2173913043478263,0,2.2222222222222214,3.996802888650565e-16,0,4.444444444444445,-0.5,0
2024-12-02,CountyA,18-64,7,1,2,16,120000,5.833333333333333,0.8333333333333334,1.6666666666666667,4.583333333333333,0.27272727272727276,0,1.6666666666666667,-0.5,0,1.666666666666667,-1.3322676295501876e-16,0
2024-12-02,CountyC,18-64,6,3,5,25,80000,7.499999999999999,3.75,6.25,8.125,-0.07692307692307704,0,5.625,-0.3333333333333333,0,2.8125,1.2222222222222223,1
2024-12-02,CountyB,0-17,1,0,1,2,40000,2.5,0.0,2.5,4.375,-0.42857142857142855,0,3.125,-1.0,0,3.125,-0.2,0
2024-12-02,CountyA,0-17,4,1,2,7,50000,8.0,2.0,4.0,1.5,4.333333333333333,1,0.0,inf,0,3.5,0.14285714285714285,0
2024-12-02,CountyA,65+,5,1,3,13,30000,16.666666666666668,3.333333333333333,10.0,4.999999999999999,2.333333333333334,1,4.166666666666666,-0.19999999999999996,0,7.5,0.3333333333333333,0
2024-12-02,CountyC,0-17,1,0,1,3,30000,3.333333333333333,0.0,3.333333333333333,7.500000000000001,-0.5555555555555557,0,2.5,-1.0,0,4.166666666666667,-0.20000000000000012,0
2024-12-09,CountyB,65+,0,0,0,1,25000,0.0,0.0,0.0,16.0,-1.0,0,3.0,-1.0,0,7.0,-1.0,0
2024-12-09,CountyC,65+,4,0,1,7,20000,20.0,0.0,5.0,13.75,0.45454545454545453,0,3.75,-1.0,0,10.0,-0.5,0
2024-12-09,CountyC,18-64,2,3,4,16,80000,2.5,3.75,5.0,7.1875,-0.6521739130434783,0,4.375,-0.14285714285714285,0,4.0625,0.23076923076923078,0
2024-12-09,CountyC,0-17,3,0,2,9,30000,10.0,0.0,6.666666666666667,5.833333333333334,0.7142857142857141,1,1.6666666666666665,-1.0,0,5.0,0.33333333333333337,0
2024-12-09,CountyB,18-64,7,4,2,22,90000,7.777777777777779,4.444444444444445,2.2222222222222223,7.5,0.03703703703703714,0,2.4999999999999996,0.7777777777777781,1,3.611111111111111,-0.3846153846153846,0
2024-12-09,CountyA,18-64,4,2,5,15,120000,3.333333333333333,1.6666666666666667,4.166666666666667,5.0,-0.33333333333333337,0,1.4583333333333333,0.14285714285714296,0,2.0833333333333335,1.0,1
2024-12-09,CountyA,0-17,1,2,1,7,50000,2.0,4.0,2.0,3.5,-0.42857142857142855,0,0.5,7.0,1,3.0,-0.3333333333333333,0
2024-12-09,CountyB,0-17,0,3,1,6,40000,0.0,7.499999999999999,2.5,5.0,-1.0,0,2.5,1.9999999999999996,1,3.125,-0.2,0
2024-12-09,CountyA,65+,2,0,3,7,30000,6.666666666666667,0.0,10.0,7.5,-0.11111111111111108,0,2.5,-1.0,0,9.166666666666668,0.09090909090909077,0
2024-12-16,CountyA,65+,2,0,1,8,30000,6.666666666666667,0.0,3.333333333333333,7.499999999999999,-0.11111111111111097,0,1.6666666666666665,-1.0,0,9.166666666666668,-0.6363636363636365,0
2024-12-16,CountyC,65+,6,5,1,13,20000,30.0,25.0,5.0,18.75,0.6,1,3.75,5.666666666666667,1,11.25,-0.5555555555555556,0
2024-12-16,CountyC,18-64,8,6,3,23,80000,10.0,7.499999999999999,3.75,6.25,0.6,1,5.0,0.49999999999999983,0,4.6875,-0.2,0
2024-12-16,CountyB,65+,0,1,2,6,25000,0.0,4.0,8.0,12.0,-1.0,0,2.0,1.0,1,5.0,0.6,1
2024-12-16,CountyA,18-64,6,1,0,15,120000,5.0,0.8333333333333334,0.0,3.75,0.3333333333333333,0,1.25,-0.3333333333333333,0,2.5000000000000004,-1.0,0
2024-12-16,CountyB,0-17,2,1,0,7,40000,5.0,2.5,0.0,3.75,0.3333333333333333,0,4.375,-0.42857142857142855,0,1.875,-1.0,0
2024-12-16,CountyA,0-17,3,3,3,10,50000,6.0,6.0,6.0,3.5,0.7142857142857143,1,1.5,3.0,1,3.5,0.7142857142857143,1
2024-12-16,CountyB,18-64,7,3,3,18,90000,7.777777777777779,3.333333333333333,3.333333333333333,6.944444444444445,0.12000000000000008,0,3.3333333333333326,1.332267629550188e-16,0,2.7777777777777777,0.19999999999999993,0
2024-12-16,CountyC,0-17,1,0,1,4,30000,3.333333333333333,0.0,3.333333333333333,7.500000000000001,-0.5555555555555557,0,1.6666666666666665,-1.0,0,5.0,-0.33333333333333337,0
2024-12-23,CountyB,65+,4,1,0,6,25000,16.0,4.0,0.0,10.0,0.6,1,3.0,0.3333333333333333,0,6.0,-1.0,0
2024-12-23,CountyC,0-17,1,2,3,7,30000,3.333333333333333,6.666666666666667,10.0,5.0,-0.33333333333333337,0,0.8333333333333333,7.000000000000002,1,5.0,1.0,1
2024-12-23,CountyC,18-64,5,3,1,13,80000,6.25,3.75,1.25,7.1875,-0.13043478260869565,0,5.3125,-0.29411764705882354,0,4.375,-0.7142857142857143,0
2024-12-23,CountyA,0-17,2,1,2,6,50000,4.0,2.0,4.0,5.0,-0.2,0,3.0,-0.3333333333333333,0,4.0,0.0,0
2024-12-23,CountyA,18-64,8,2,2,16,120000,6.666666666666667,1.6666666666666667,1.6666666666666667,4.166666666666667,0.6,1,1.25,0.33333333333333337,0,2.0833333333333335,-0.2,0
2024-12-23,CountyA,65+,4,2,2,9,30000,13.333333333333334,6.666666666666667,6.666666666666667,9.166666666666666,0.4545454545454547,0,1.6666666666666665,3.0000000000000004,1,9.166666666666666,-0.27272727272727265,0
2024-12-23,CountyB,0-17,1,1,0,5,40000,2.5,2.5,0.0,5.0,-0.5,0,3.75,-0.3333333333333333,0,1.25,-1.0,0
2024-12-23,CountyB,18-64,9,2,2,19,90000,10.0,2.2222222222222223,2.2222222222222223,8.055555555555557,0.24137931034482735,0,3.333333333333333,-0.33333333333333326,0,2.5,-0.11111111111111108,0
2024-12-23,CountyC,65+,0,0,3,3,20000,0.0,0.0,14.999999999999998,23.75,-1.0,0,10.0,-1.0,0,11.25,0.33333333333333315,0
2024-12-30,CountyB,65+,1,1,0,2,25000,4.0,4.0,0.0,9.0,-0.5555555555555556,0,3.0,0.3333333333333333,0,5.0,-1.0,0
2024-12-30,CountyB,18-64,3,1,0,5,90000,3.333333333333333,1.1111111111111112,0.0,8.333333333333334,-0.6000000000000001,0,3.0555555555555554,-0.6363636363636364,0,2.5,-1.0,0
2024-12-30,CountyA,65+,0,0,0,1,30000,0.0,0.0,0.0,10.833333333333332,-1.0,0,2.5,-1.0,0,7.5,-1.0,0
2024-12-30,CountyB,0-17,0,0,1,2,40000,0.0,0.0,2.5,2.5,-1.0,0,3.125,-1.0,0,1.25,1.0,1
2024-12-30,CountyA,0-17,1,0,2,5,50000,2.0,0.0,4.0,5.0,-0.6,0,3.5,-1.0,0,4.0,0.0,0
2024-12-30,CountyA,18-64,1,0,2,4,120000,0.8333333333333334,0.0,1.6666666666666667,5.208333333333334,-0.8400000000000001,0,1.25,-1.0,0,1.8750000000000004,-0.11111111111111129,0
2024-12-30,CountyC,18-64,0,0,2,2,80000,0.0,0.0,2.5,6.5625,-1.0,0,4.6875,-1.0,0,4.0625,-0.38461538461538464,0
2024-12-30,CountyC,65+,1,1,1,3,20000,5.0,5.0,5.0,18.75,-0.7333333333333333,0,8.75,-0.42857142857142855,0,10.0,-0.5,0
